<!--
 Full example: https://github.com/kohsuke/winsw/blob/sample-config-file/examples/allOptions.xml
-->
<configuration>
 
  <!-- ID of the service. It should be unique across the Windows system-->
  <id>file-scanner-email</id>

  <!-- Display name of the service -->
  <name>file-scanner-email-notification</name>

  <!-- Service description -->
  <description>Scans for new file and sends notifications</description>
 
  <!-- Path to the executable, which should be started -->
  <executable>java</executable>
  <arguments>-jar file-scanner.jar --spring.config.location=file:C:/dev.src/eafs/fscanner/fsscanner-as-win-service/config/custom-config.yaml</arguments> 
  
</configuration>
