<?xml version = '1.0' encoding = 'UTF-8'?>
<weblogic-web-app xmlns:xsi="http://www.w3.org/2001/XMLSchema-instance"
                  xsi:schemaLocation="http://xmlns.oracle.com/weblogic/weblogic-web-app http://xmlns.oracle.com/weblogic/weblogic-web-app/1.7/weblogic-web-app.xsd"
                  xmlns="http://xmlns.oracle.com/weblogic/weblogic-web-app">
    <container-descriptor>
        <prefer-application-packages>
            <!--<package-name>javassist</package-name>-->
            <package-name>javax.persistence</package-name>
            <package-name>org.hibernate.*</package-name>
            <package-name>org.springframework.*</package-name>
            <package-name>org.slf4j.*</package-name>
            <package-name>com.fasterxml.*</package-name>
            <package-name>javax.validation.*</package-name>
            <!--<package-name>org.hibernate.validator.*</package-name>-->
        </prefer-application-packages>
        <prefer-application-resources>
            <resource-name>org.hibernate.*</resource-name>
            <resource-name>org.springframework.*</resource-name>
            <resource-name>javax.validation.*</resource-name>
            <!--<resource-name>jdbc/resource/weblogic</resource-name>-->
            <!--<resource-name>org.hibernate.validator.*</resource-name>-->
        </prefer-application-resources>
    </container-descriptor>
</weblogic-web-app>